school;sex;age;address;famsize;Pstatus;Medu;Fedu;traveltime;studytime;failures;schoolsup;famsup;paid;activities;nursery;higher;internet;romantic;famrel;freetime;goout;Dalc;Walc;health;absences;Mjob_teacher;Mjob_health;Mjob_services;Mjob_at_home;Mjob_other;Fjob_teacher;Fjob_health;Fjob_services;Fjob_at_home;Fjob_other;reason_home;reason_reputation;reason_course;reason_other;guardian_mother;guardian_father;guardian_other;G1;G2;G3
0;0;15;0;0;0;2;4;1;3;0;1;1;1;1;1;1;1;0;4;3;2;1;1;5;2;0;0;1;0;0;0;1;0;0;0;0;0;1;0;1;0;0;10;9;8
0;0;15;0;0;0;3;4;1;3;0;1;1;1;1;1;1;1;0;4;3;2;1;1;5;2;0;0;1;0;0;0;1;0;0;0;0;0;1;0;1;0;0;12;12;11
0;0;15;0;0;0;2;2;1;1;0;1;1;1;1;1;1;0;0;4;3;1;1;1;2;8;0;0;0;1;0;0;0;0;0;1;0;1;0;0;1;0;0;14;13;13
0;0;16;0;0;0;4;4;1;2;0;0;1;0;1;1;1;0;0;2;4;4;2;3;4;6;0;1;0;0;0;1;0;0;0;0;0;0;0;1;1;0;0;10;11;11
0;0;15;0;0;0;1;1;1;2;2;1;1;0;0;0;1;1;1;3;3;4;2;4;5;2;0;0;0;0;1;0;0;0;0;1;0;1;0;0;1;0;0;8;6;5
0;0;15;0;0;0;1;1;2;4;1;1;1;1;1;1;1;1;0;3;1;2;1;1;1;2;0;0;0;1;0;0;0;0;0;1;1;0;0;0;1;0;0;7;10;10
0;0;16;0;0;0;3;3;1;3;1;1;1;0;1;1;1;1;0;4;1;2;1;1;2;0;0;0;1;0;0;0;0;0;0;1;0;1;0;0;0;1;0;7;10;10
0;0;15;0;0;0;3;4;2;3;2;0;1;0;0;1;1;1;1;4;2;2;2;2;5;0;0;0;1;0;0;1;0;0;0;0;0;0;1;0;0;1;0;12;0;0
0;0;15;0;0;0;3;3;2;3;2;0;1;1;1;1;1;1;1;4;2;1;2;3;3;8;0;0;1;0;0;0;0;1;0;0;0;1;0;0;0;0;1;10;10;10
0;0;18;0;0;0;1;1;3;1;3;0;1;0;1;0;1;0;0;5;2;5;1;5;4;6;0;0;0;1;0;0;0;0;0;1;0;0;1;0;1;0;0;9;8;10
0;0;17;0;0;0;2;2;1;1;0;0;1;0;0;1;1;1;0;5;3;2;1;2;3;18;0;0;0;0;1;0;0;0;0;1;0;1;0;0;1;0;0;7;6;6
0;0;16;0;0;0;2;2;2;4;0;0;1;1;1;0;1;1;0;5;3;5;1;1;5;6;0;0;1;0;0;0;0;1;0;0;0;1;0;0;1;0;0;10;10;11
0;0;17;0;0;0;4;3;2;3;0;0;1;1;1;1;1;1;1;4;4;2;1;1;4;6;1;0;0;0;0;0;0;0;0;1;0;1;0;0;1;0;0;7;7;7
0;0;17;0;0;0;2;1;2;2;0;0;1;0;1;1;1;1;0;4;2;5;1;2;5;2;0;0;0;1;0;0;0;1;0;0;0;1;0;0;1;0;0;6;6;6
0;0;18;0;0;0;3;1;1;2;1;0;0;0;1;1;1;1;1;5;3;3;1;1;4;16;0;0;0;0;1;0;0;0;0;1;0;1;0;0;1;0;0;9;8;7
0;0;17;0;0;0;2;1;3;2;0;0;0;0;1;1;1;0;0;2;1;1;1;1;3;2;0;0;0;1;0;0;0;1;0;0;0;0;1;0;1;0;0;13;11;11
0;0;18;0;0;0;4;4;2;2;0;0;0;1;1;1;1;1;0;4;3;4;2;2;4;8;1;0;0;0;0;0;0;0;0;1;0;1;0;0;1;0;0;12;10;11
0;0;18;0;0;0;2;1;2;2;0;0;1;0;0;1;0;1;1;4;3;5;1;2;3;0;0;0;0;0;1;0;0;0;0;1;0;1;0;0;1;0;0;6;0;0
0;0;18;0;0;1;3;2;2;2;0;0;0;0;0;0;0;1;1;4;1;1;1;1;5;75;0;0;0;0;1;0;0;1;0;0;1;0;0;0;1;0;0;10;9;9
0;0;19;0;0;0;2;3;1;3;1;0;0;0;0;1;1;1;1;4;1;2;1;1;3;40;0;0;0;0;1;0;0;0;0;1;0;1;0;0;0;0;1;13;11;11
0;0;17;0;0;0;3;4;1;3;0;0;1;1;1;0;1;1;0;4;3;4;2;5;5;0;0;0;0;1;0;0;0;1;0;0;0;0;1;0;0;1;0;11;11;10
0;0;17;0;0;0;2;4;1;3;0;0;1;0;0;1;1;1;1;4;4;3;1;1;5;7;0;0;0;1;0;0;0;0;0;1;0;0;1;0;0;1;0;12;14;14
0;0;18;0;0;0;2;2;2;4;0;0;0;0;1;1;1;0;0;4;4;4;1;1;4;0;0;0;0;1;0;0;0;0;0;1;0;0;1;0;1;0;0;10;9;0
0;0;19;0;0;1;3;1;1;3;1;0;0;1;0;1;1;0;0;5;4;3;1;2;5;12;0;0;1;0;0;0;0;0;1;0;1;0;0;0;0;0;1;14;13;13
0;0;17;0;0;1;3;2;1;2;0;0;1;1;0;1;1;1;0;4;3;3;2;3;2;4;0;0;0;0;1;0;0;0;0;1;1;0;0;0;1;0;0;9;10;10
1;0;17;0;0;0;4;4;2;2;0;0;1;1;1;1;1;1;0;4;3;3;1;2;5;4;1;0;0;0;0;0;0;1;0;0;0;0;0;1;0;1;0;12;13;13
1;0;17;0;0;0;1;2;2;2;0;0;0;0;0;0;1;0;0;3;2;2;1;2;3;0;0;0;0;0;1;0;0;1;0;0;0;0;1;0;0;1;0;12;11;12
1;0;17;0;0;0;1;1;3;1;1;0;1;1;0;1;1;1;1;5;2;1;1;2;1;0;0;0;0;0;1;0;0;1;0;0;0;1;0;0;1;0;0;7;6;0
1;0;18;0;0;0;4;4;3;2;0;0;1;1;0;0;1;1;1;3;2;2;4;2;5;10;0;0;0;0;1;1;0;0;0;0;0;0;0;1;0;1;0;14;12;11
1;0;17;0;0;0;1;2;1;1;0;0;0;0;1;1;1;1;0;3;5;5;1;3;1;14;0;0;0;0;1;0;0;0;0;1;0;0;1;0;1;0;0;6;5;5
1;0;18;0;0;0;1;1;4;3;0;0;0;0;0;1;1;1;0;4;3;2;1;2;4;2;0;0;0;0;1;0;0;0;0;1;1;0;0;0;1;0;0;8;8;10
1;0;17;0;0;0;3;1;1;2;0;0;1;1;1;0;1;1;0;4;5;4;2;3;1;17;0;0;0;1;0;0;0;0;0;1;0;1;0;0;1;0;0;10;10;10
1;0;18;0;0;0;2;2;2;3;0;0;0;1;0;1;1;0;0;5;3;3;1;3;4;2;0;0;0;1;0;0;0;0;0;1;0;0;0;1;1;0;0;10;9;10
1;0;18;0;0;0;4;4;3;1;0;0;1;1;1;1;1;1;1;4;4;3;2;2;5;7;1;0;0;0;0;0;0;0;1;0;0;1;0;0;1;0;0;6;5;6
1;0;19;0;0;0;2;3;1;3;1;0;0;0;1;0;1;1;0;5;4;2;1;2;5;0;0;0;1;0;0;0;0;0;0;1;0;0;1;0;1;0;0;7;5;0
0;1;15;0;0;0;4;3;1;2;0;0;1;0;1;1;1;1;1;4;5;2;1;1;5;0;1;0;0;0;0;0;0;0;1;0;0;0;1;0;1;0;0;17;16;16
0;1;16;0;0;1;4;4;2;3;0;0;1;0;1;1;1;1;1;2;4;3;1;1;5;7;0;0;0;0;1;1;0;0;0;0;0;1;0;0;1;0;0;15;16;15
0;1;16;0;0;0;4;3;2;1;0;1;1;0;1;0;1;1;0;3;3;3;1;1;4;2;0;0;1;0;0;0;0;0;0;1;0;1;0;0;1;0;0;11;15;15
0;1;15;0;0;0;4;4;4;4;0;0;1;1;1;1;1;1;1;1;3;5;3;5;1;6;0;0;0;0;1;0;0;0;0;1;1;0;0;0;0;1;0;10;13;13
0;1;15;0;0;0;2;1;1;2;0;0;0;0;1;1;1;1;1;5;4;2;1;1;5;8;0;1;0;0;0;0;0;1;0;0;0;1;0;0;1;0;0;9;9;9
0;1;17;0;0;0;1;3;3;2;1;0;1;0;1;1;1;1;0;5;2;4;1;4;5;20;0;0;0;0;1;0;0;0;0;1;0;0;1;0;0;1;0;9;7;8
0;1;18;0;0;0;2;2;1;1;2;0;1;0;1;1;1;1;0;3;3;3;1;2;4;0;0;0;1;0;0;0;0;0;0;1;0;1;0;0;1;0;0;7;4;0
0;1;16;0;0;0;4;4;1;1;0;0;0;1;1;1;1;1;0;3;5;5;2;5;4;8;1;0;0;0;0;1;0;0;0;0;0;0;1;0;1;0;0;18;18;18
0;1;15;0;0;0;3;4;4;2;0;0;1;0;0;1;1;0;1;5;3;3;1;1;5;0;0;0;0;1;0;1;0;0;0;0;0;0;1;0;1;0;0;9;0;0
0;1;17;0;0;0;3;4;3;2;0;0;0;0;0;1;1;0;0;5;4;5;2;4;5;0;0;0;0;1;0;0;0;0;0;1;0;0;1;0;1;0;0;10;0;0
0;1;15;0;0;0;2;3;1;2;0;1;0;1;1;1;1;0;0;4;4;4;1;1;1;2;0;0;0;1;0;0;0;1;0;0;0;0;1;0;1;0;0;11;8;8
0;1;16;0;0;0;2;2;3;1;0;0;0;0;0;0;1;0;0;4;2;2;1;2;3;2;0;0;0;1;0;0;0;0;0;1;0;0;1;0;1;0;0;17;15;15
0;1;15;0;0;0;3;2;2;2;2;1;1;0;0;1;1;1;1;4;4;4;1;4;3;6;0;0;0;0;1;0;0;0;0;1;0;0;1;0;1;0;0;5;9;7
0;1;16;0;0;0;4;2;1;1;0;0;1;0;1;1;1;1;1;4;3;3;3;4;3;10;1;0;0;0;0;0;0;1;0;0;0;0;0;1;1;0;0;10;8;9
0;1;17;0;0;0;1;2;1;2;0;0;0;0;0;1;1;0;0;3;1;3;1;5;3;4;0;0;0;1;0;0;0;0;0;1;1;0;0;0;1;0;0;8;9;10
0;1;16;0;0;0;3;3;1;1;0;0;1;0;1;1;1;1;0;4;3;2;3;4;5;8;0;0;1;0;0;0;0;1;0;0;0;1;0;0;1;0;0;8;9;10
0;1;17;0;0;0;2;2;2;2;0;0;1;1;1;1;1;1;0;4;5;2;1;1;1;4;0;0;0;0;1;0;0;0;0;1;0;0;1;0;0;1;0;11;11;11
0;1;16;0;0;0;2;1;2;1;0;0;0;0;1;0;1;0;0;3;3;2;1;3;3;0;0;0;0;0;1;0;0;0;0;1;0;0;1;0;1;0;0;8;9;8
0;1;17;0;0;0;2;1;1;1;0;0;0;0;0;0;1;1;0;4;4;2;2;4;5;0;0;0;0;0;1;0;0;0;0;1;0;0;1;0;1;0;0;8;12;12
0;1;18;0;0;0;3;2;1;3;0;0;0;0;1;0;1;0;0;5;3;2;1;1;3;1;0;0;0;0;1;0;0;0;0;1;0;0;1;0;1;0;0;13;12;12
0;1;17;0;0;0;1;2;1;2;0;0;1;1;1;0;1;0;1;3;5;2;2;2;1;2;0;0;0;1;0;0;0;0;1;0;1;0;0;0;1;0;0;15;14;14
0;1;19;0;0;0;3;3;1;2;1;0;0;0;1;1;1;0;1;4;5;3;1;2;5;0;0;0;0;0;1;0;0;1;0;0;0;1;0;0;0;1;0;15;12;12
0;1;17;0;0;0;2;2;4;1;0;0;1;0;0;1;1;1;0;4;4;5;5;5;4;8;0;0;1;0;0;0;0;0;0;1;0;0;1;0;1;0;0;11;10;10
0;1;18;0;0;0;4;3;1;3;0;0;0;0;0;1;1;1;1;5;3;2;1;2;4;9;1;0;0;0;0;0;0;1;0;0;0;0;1;0;1;0;0;16;15;16
1;1;18;0;0;0;3;2;2;1;1;0;1;0;0;0;1;1;0;2;5;5;5;5;5;10;0;0;0;0;1;0;0;0;0;1;0;0;1;0;1;0;0;11;13;13
1;1;19;0;0;0;1;1;3;2;3;0;0;0;0;1;1;1;0;5;4;4;3;3;2;8;0;0;0;0;1;0;0;1;0;0;1;0;0;0;0;0;1;8;7;8
1;1;19;0;0;0;1;1;3;1;1;0;1;0;0;1;1;1;0;4;4;4;3;3;5;4;0;0;0;0;1;0;0;0;0;1;1;0;0;0;0;0;1;8;8;8
1;1;17;0;0;0;4;3;2;2;0;0;1;1;1;0;1;1;1;4;5;5;1;3;2;4;0;0;1;0;0;0;0;0;0;1;1;0;0;0;1;0;0;13;11;11
1;1;18;0;0;0;1;3;2;2;0;0;1;1;0;1;1;0;0;3;3;4;2;4;3;4;0;0;0;1;0;0;0;0;0;1;0;0;1;0;1;0;0;10;10;10
1;1;18;0;0;0;2;1;2;1;0;0;0;0;1;0;1;1;1;4;4;3;1;3;5;5;0;0;0;0;1;0;0;0;0;1;0;0;0;1;1;0;0;7;6;7
1;1;19;0;0;0;1;1;2;1;1;0;0;0;0;1;1;0;0;4;3;2;1;3;5;0;0;0;0;0;1;0;0;1;0;0;0;0;0;1;1;0;0;6;5;0
1;1;18;0;0;0;4;2;2;1;1;0;0;1;0;1;1;0;0;5;4;3;4;3;3;14;0;0;0;0;1;0;0;0;0;1;1;0;0;0;0;1;0;6;5;5
1;1;21;0;0;0;1;1;1;1;3;0;0;0;0;0;1;0;0;5;5;3;3;3;3;3;0;0;0;0;1;0;0;0;0;1;0;0;1;0;0;0;1;10;8;7
0;0;18;1;0;1;4;4;2;2;0;1;0;0;0;1;1;0;0;4;3;4;1;1;3;6;0;0;0;1;0;1;0;0;0;0;0;0;1;0;1;0;0;5;6;6
0;0;17;1;0;0;1;1;1;2;0;0;1;0;0;0;1;1;0;5;3;3;1;1;3;4;0;0;0;1;0;0;0;0;0;1;0;0;1;0;0;1;0;5;5;6
0;0;15;1;0;0;4;2;1;3;0;0;1;1;1;1;1;1;1;3;2;2;1;1;5;2;0;1;0;0;0;0;0;1;0;0;1;0;0;0;1;0;0;15;14;15
0;0;16;1;0;0;3;3;1;2;0;0;1;1;0;1;1;0;0;4;3;2;1;2;5;4;0;0;0;0;1;0;0;0;0;1;1;0;0;0;0;1;0;6;10;10
0;0;17;1;0;1;4;4;2;2;0;1;1;0;0;1;1;0;0;4;1;4;1;1;1;6;0;0;0;0;1;1;0;0;0;0;1;0;0;0;1;0;0;6;5;6
0;0;15;1;0;0;4;4;1;2;0;0;1;1;0;1;1;1;0;3;3;3;1;2;2;0;1;0;0;0;0;0;1;0;0;0;0;1;0;0;1;0;0;10;8;9
0;0;15;1;0;0;2;1;3;3;0;0;1;0;1;1;1;1;0;5;2;2;1;1;4;4;0;0;1;0;0;0;0;0;0;1;0;1;0;0;0;1;0;10;12;12
0;0;16;1;0;0;4;4;1;1;0;0;1;0;0;1;1;1;0;4;4;4;1;2;2;4;0;1;0;0;0;0;0;0;0;1;1;0;0;0;1;0;0;14;14;14
0;0;16;1;0;0;4;4;1;3;0;0;1;1;1;1;1;1;0;3;2;3;1;2;2;6;0;0;1;0;0;0;0;1;0;0;0;1;0;0;1;0;0;13;14;14
0;0;16;1;0;0;3;3;3;2;0;1;1;0;1;1;1;0;0;5;3;2;1;1;4;4;0;0;0;0;1;0;0;0;0;1;0;1;0;0;1;0;0;8;10;10
0;0;16;1;0;0;2;2;1;1;2;0;1;1;0;0;1;1;0;1;2;2;1;3;5;14;0;0;1;0;0;0;0;1;0;0;1;0;0;0;1;0;0;6;9;8
0;0;15;1;0;0;2;3;2;1;0;0;1;0;1;1;1;0;0;3;5;1;1;1;5;0;0;0;0;0;1;0;0;0;0;1;0;0;0;1;0;1;0;8;7;6
0;0;15;1;0;0;4;4;1;2;1;1;1;0;1;0;1;1;0;4;4;4;1;1;3;2;0;0;1;0;0;1;0;0;0;0;0;0;0;1;0;1;0;7;7;7
0;0;15;1;0;0;4;4;1;1;0;1;1;1;0;1;1;1;0;3;3;4;2;3;5;0;0;0;1;0;0;0;0;1;0;0;0;0;1;0;1;0;0;8;10;11
0;0;16;1;0;1;2;1;1;2;0;0;0;1;1;1;1;1;1;5;3;4;1;1;2;8;0;0;0;0;1;0;0;0;0;1;0;0;0;1;1;0;0;8;9;10
0;0;15;1;0;1;4;3;1;2;0;0;1;1;1;1;1;1;0;4;3;2;1;1;1;0;0;0;1;0;0;0;0;1;0;0;0;1;0;0;1;0;0;14;15;15
0;0;16;1;0;0;4;2;1;2;0;0;1;0;0;1;1;1;0;4;2;3;1;1;5;2;0;0;1;0;0;0;0;0;0;1;0;0;1;0;1;0;0;15;16;16
0;0;16;1;0;0;1;1;4;1;0;1;1;0;1;0;1;1;1;5;5;5;5;5;5;6;0;0;1;0;0;0;0;1;0;0;0;0;1;0;0;1;0;10;8;11
0;0;16;1;0;0;4;3;1;3;0;1;1;1;1;1;1;1;0;3;4;4;2;4;4;2;1;0;0;0;0;0;1;0;0;0;1;0;0;0;1;0;0;10;9;9
0;0;16;1;0;0;3;1;1;4;0;1;1;1;0;1;1;1;0;4;3;3;1;2;5;4;0;0;1;0;0;0;0;0;0;1;0;0;1;0;1;0;0;7;7;6
0;0;16;1;0;0;3;3;1;2;0;1;1;1;1;1;1;1;0;4;3;3;2;4;5;54;0;0;0;0;1;0;0;1;0;0;1;0;0;0;1;0;0;11;12;11
0;0;16;1;0;0;2;2;1;4;0;0;0;1;0;1;1;1;1;5;2;3;1;3;3;0;0;0;0;0;1;0;0;0;0;1;0;1;0;0;1;0;0;11;11;11
0;0;16;1;0;0;3;4;1;2;0;0;1;0;0;1;1;1;0;2;4;3;1;2;3;12;0;0;0;1;0;0;0;0;0;1;0;0;1;0;1;0;0;5;5;5
0;0;15;1;0;0;1;1;1;2;0;0;1;0;1;0;1;1;0;4;3;2;2;3;4;2;0;0;0;0;1;0;0;0;0;1;1;0;0;0;0;1;0;9;10;10
0;0;15;1;0;0;4;4;2;2;2;0;0;1;0;1;1;1;1;4;4;4;2;3;5;6;0;0;1;0;0;0;0;1;0;0;0;1;0;0;0;1;0;7;9;8
0;0;15;1;0;0;4;2;1;3;0;0;1;0;1;1;1;1;0;5;3;3;1;3;1;4;0;0;0;0;1;0;0;0;0;1;0;1;0;0;1;0;0;13;14;14
0;0;16;1;0;0;3;3;1;3;0;0;1;1;0;1;1;1;1;4;3;3;1;3;4;0;0;0;0;0;1;0;0;0;0;1;1;0;0;0;1;0;0;7;7;8
0;0;15;1;0;0;4;3;1;1;0;0;0;1;1;1;1;1;0;4;5;5;1;3;1;4;0;0;1;0;0;0;0;0;0;1;0;1;0;0;1;0;0;16;17;18
0;0;16;1;0;0;4;2;2;2;0;0;1;1;1;1;1;1;0;5;3;3;1;1;1;0;1;0;0;0;0;0;0;1;0;0;1;0;0;0;1;0;0;11;10;10
0;0;16;1;0;0;2;1;1;2;0;0;1;1;0;1;1;0;1;4;3;5;1;1;5;2;0;0;0;0;1;0;0;0;0;1;0;0;1;0;1;0;0;8;9;10
0;0;16;1;0;0;4;4;1;1;0;0;0;0;1;0;1;1;0;5;3;4;1;2;1;6;0;0;0;0;1;0;0;0;0;1;0;1;0;0;1;0;0;11;14;14
0;0;16;1;0;0;4;3;1;3;0;1;1;1;0;1;1;1;0;5;3;5;1;1;3;0;0;0;0;0;1;0;0;0;1;0;0;0;1;0;1;0;0;7;9;8
0;0;15;1;0;0;3;2;2;2;0;1;1;1;0;1;1;1;0;4;3;5;1;1;2;26;0;0;1;0;0;0;0;0;0;1;1;0;0;0;1;0;0;7;6;6
0;0;15;1;0;1;3;3;1;4;0;1;0;0;0;1;1;0;0;4;3;3;1;1;4;10;0;0;0;0;1;0;1;0;0;0;0;1;0;0;0;1;0;10;11;11
0;0;15;1;0;0;2;2;1;4;0;1;1;1;0;1;1;1;0;5;1;2;1;1;3;8;0;0;0;0;1;0;0;0;0;1;0;0;1;0;1;0;0;7;8;8
0;0;16;1;0;0;2;2;1;2;1;1;0;0;1;1;1;1;0;3;1;2;1;1;5;6;0;0;0;1;0;0;0;0;0;1;1;0;0;0;1;0;0;10;13;13
0;0;15;1;0;0;1;2;1;2;0;0;0;0;0;0;1;1;0;3;2;3;1;2;1;2;0;0;0;1;0;0;0;1;0;0;0;0;1;0;1;0;0;16;15;15
0;0;16;1;0;0;2;2;1;2;0;0;0;1;0;1;1;1;1;5;4;4;1;1;5;0;0;0;0;0;1;0;0;0;0;1;1;0;0;0;1;0;0;8;7;8
0;0;19;1;0;0;0;1;1;2;3;0;1;0;0;0;0;0;0;3;4;2;1;1;5;2;0;0;0;1;0;0;0;0;0;1;0;0;1;0;0;0;1;7;8;9
0;0;15;1;0;0;1;1;3;1;0;0;1;0;1;0;1;1;1;4;3;3;1;2;4;0;0;0;0;1;0;0;0;0;0;1;0;0;1;0;1;0;0;8;0;0
0;0;16;1;0;1;3;4;1;1;0;0;0;0;0;1;1;1;0;3;2;1;1;4;5;16;0;0;1;0;0;0;0;0;0;1;0;0;1;0;0;1;0;12;11;11
0;0;15;1;0;0;4;4;1;3;0;0;1;0;1;1;1;1;1;4;3;3;1;1;5;0;0;0;1;0;0;0;0;0;1;0;0;0;1;0;1;0;0;11;0;0
0;0;16;1;0;1;3;3;2;1;2;0;1;0;1;0;1;1;1;4;3;2;1;1;5;0;0;0;0;0;1;0;0;0;0;1;0;0;1;0;0;0;1;4;0;0
0;0;15;1;0;0;4;4;2;1;0;0;0;0;1;1;1;1;0;4;3;2;1;1;5;0;1;0;0;0;0;1;0;0;0;0;0;0;1;0;1;0;0;16;16;15
0;0;15;1;0;0;4;4;1;3;0;0;1;1;1;1;1;1;0;4;2;2;1;1;5;2;1;0;0;0;0;0;0;1;0;0;0;0;1;0;1;0;0;9;11;11
0;0;15;1;0;0;1;1;1;2;0;0;1;1;0;1;1;1;0;4;4;2;1;2;5;0;0;0;0;0;1;0;0;1;0;0;0;0;1;0;0;1;0;8;11;11
0;0;15;1;0;0;3;2;1;2;3;0;1;0;0;1;1;1;0;3;3;2;1;1;3;0;0;1;0;0;0;0;0;1;0;0;1;0;0;0;0;1;0;6;7;0
0;0;15;1;0;0;1;2;1;2;0;0;1;1;0;0;1;1;0;4;3;2;1;1;5;2;0;0;0;1;0;0;0;0;0;1;0;0;1;0;1;0;0;10;11;11
0;0;17;1;0;0;4;4;1;1;0;1;1;0;0;1;1;0;1;4;2;1;1;1;4;0;0;0;0;0;1;1;0;0;0;0;0;0;1;0;1;0;0;11;11;12
0;0;16;1;0;0;4;2;1;2;0;0;0;1;0;1;1;1;1;4;2;3;1;1;3;0;0;1;0;0;0;0;0;1;0;0;1;0;0;0;0;1;0;14;15;16
0;0;16;1;0;0;2;2;1;2;0;0;1;1;0;0;1;1;0;5;1;5;1;1;4;0;0;0;0;0;1;0;0;0;0;1;1;0;0;0;1;0;0;6;7;0
0;0;16;1;0;0;4;4;1;2;0;0;1;1;0;1;1;1;1;4;4;2;1;1;3;0;0;1;0;0;0;0;1;0;0;0;0;1;0;0;1;0;0;14;14;14
0;0;16;1;0;0;1;3;1;2;3;0;0;0;1;0;1;1;1;4;3;5;1;1;3;0;0;0;0;1;0;0;0;1;0;0;1;0;0;0;1;0;0;8;7;0
0;0;16;1;0;0;2;2;2;2;0;0;0;1;1;0;1;1;0;3;4;4;1;4;5;2;0;0;1;0;0;0;0;0;0;1;0;1;0;0;1;0;0;13;13;11
0;0;17;1;0;0;2;4;1;2;0;0;1;0;1;1;1;0;0;5;4;2;2;3;5;0;0;0;1;0;0;0;0;1;0;0;0;1;0;0;0;1;0;16;17;17
0;0;16;1;0;0;3;2;1;2;0;0;1;1;0;1;1;1;0;1;2;2;1;2;1;14;0;0;0;0;1;0;0;0;0;1;0;1;0;0;1;0;0;12;13;12
0;0;17;1;0;1;3;3;1;2;0;0;1;0;0;0;1;1;1;3;3;3;1;3;3;6;0;1;0;0;0;0;0;0;0;1;0;1;0;0;1;0;0;8;7;9
0;0;16;1;0;0;2;3;1;2;0;0;0;0;0;1;1;1;0;4;3;3;1;1;2;10;0;0;1;0;0;0;0;1;0;0;0;0;1;0;1;0;0;11;12;13
0;0;17;1;0;0;1;1;1;2;0;0;0;0;1;1;1;1;0;5;3;3;1;1;3;0;0;0;0;1;0;0;0;1;0;0;0;0;1;0;1;0;0;8;8;9
0;0;17;1;0;0;4;4;2;1;1;0;1;0;0;1;1;1;0;4;2;4;2;3;2;24;0;0;1;0;0;1;0;0;0;0;1;0;0;0;1;0;0;18;18;18
0;0;16;1;0;0;4;3;1;2;0;0;1;0;1;1;1;1;0;4;3;5;1;5;2;2;0;1;0;0;0;0;0;0;0;1;1;0;0;0;1;0;0;16;16;16
0;0;16;1;0;0;2;3;1;2;0;1;1;1;1;1;1;0;0;4;4;3;1;3;4;6;0;0;0;0;1;0;0;0;0;1;0;1;0;0;1;0;0;8;10;10
0;0;17;1;0;0;1;1;1;2;0;0;1;1;0;0;1;0;0;4;4;4;1;3;1;4;0;0;0;0;1;0;0;0;0;1;0;0;1;0;1;0;0;9;9;10
0;0;17;1;0;0;3;4;1;3;1;0;1;1;0;1;1;1;1;4;4;3;3;4;5;28;0;0;0;1;0;0;0;1;0;0;1;0;0;0;1;0;0;10;9;9
0;0;16;1;0;1;3;1;1;2;3;0;1;1;0;1;1;1;0;2;3;3;2;2;4;5;0;0;1;0;0;0;0;0;0;1;0;0;1;0;1;0;0;7;7;7
0;0;16;1;0;0;4;3;1;2;0;0;0;1;1;1;1;1;1;1;3;2;1;1;1;10;1;0;0;0;0;0;0;0;0;1;0;0;0;1;1;0;0;11;12;13
0;0;16;1;0;0;1;1;2;1;0;0;1;1;0;1;1;0;0;4;3;2;1;4;5;6;0;0;0;1;0;0;0;0;0;1;1;0;0;0;1;0;0;9;9;10
0;0;19;1;0;0;3;3;1;4;0;0;1;1;1;1;1;1;0;4;3;3;1;2;3;10;0;0;0;0;1;0;0;0;0;1;0;1;0;0;0;0;1;8;8;8
0;0;16;1;0;1;2;2;1;2;0;1;1;1;0;1;1;1;0;3;3;4;1;1;4;0;0;0;0;0;1;0;0;0;0;1;0;1;0;0;1;0;0;12;13;14
0;0;17;1;0;0;4;3;1;2;2;0;0;1;0;1;1;1;1;3;4;5;2;4;1;22;0;0;0;0;1;0;0;0;0;1;0;1;0;0;1;0;0;6;6;4
0;0;17;1;0;0;2;3;2;1;0;0;1;1;0;1;1;0;0;3;3;3;1;4;3;3;0;0;0;1;0;0;0;0;0;1;1;0;0;0;0;1;0;7;7;8
0;0;17;1;0;0;2;2;1;3;0;0;1;1;1;1;1;1;0;4;3;3;1;1;4;4;0;0;0;1;0;0;0;0;1;0;0;0;1;0;1;0;0;9;10;10
0;0;17;1;0;0;1;1;1;3;1;0;1;0;1;1;1;0;1;4;3;4;1;1;5;0;0;0;0;1;0;0;0;0;0;1;0;1;0;0;1;0;0;6;5;0
0;0;16;1;0;0;2;3;1;2;0;1;0;0;0;1;1;1;0;2;3;1;1;1;3;2;0;0;1;0;0;1;0;0;0;0;0;0;0;1;1;0;0;16;16;17
0;0;16;1;0;0;4;4;1;3;0;0;1;0;1;0;1;1;0;5;3;2;1;1;5;0;1;0;0;0;0;0;0;1;0;0;1;0;0;0;1;0;0;13;13;14
0;0;17;1;0;0;3;2;1;2;0;0;0;0;1;0;1;1;0;5;3;4;1;3;3;10;0;0;0;0;1;0;0;0;0;1;0;0;1;0;1;0;0;16;15;15
0;0;17;1;0;1;2;1;2;3;0;0;0;0;1;1;1;1;1;3;2;3;1;2;3;10;0;0;0;0;1;0;0;0;0;1;0;0;1;0;1;0;0;12;10;12
0;0;16;1;0;0;2;1;1;1;0;0;0;0;0;1;1;1;1;4;5;2;1;1;5;20;0;0;0;0;1;0;0;0;0;1;1;0;0;0;1;0;0;13;12;12
0;0;18;1;0;0;2;1;2;3;0;0;1;1;0;0;1;1;1;4;4;4;1;1;3;0;0;0;0;0;1;0;0;0;0;1;0;0;1;0;0;0;1;7;0;0
0;0;18;1;0;0;4;3;1;2;0;0;1;1;0;1;1;1;1;3;1;2;1;3;2;21;0;0;1;0;0;0;0;0;0;1;1;0;0;0;0;1;0;17;18;18
0;0;17;1;0;0;3;3;1;3;0;0;0;0;1;0;1;0;0;3;2;3;1;1;4;4;0;0;0;0;1;0;0;0;0;1;1;0;0;0;1;0;0;10;9;9
0;0;18;1;0;0;2;2;1;3;0;0;1;1;1;1;1;1;1;4;3;3;1;1;3;0;0;0;0;1;0;0;0;1;0;0;1;0;0;0;1;0;0;9;10;0
0;0;19;1;0;0;3;3;1;2;2;0;1;1;1;1;1;1;0;4;3;5;3;3;5;15;0;0;0;0;1;0;0;1;0;0;1;0;0;0;0;0;1;9;9;9
0;0;18;1;0;0;2;3;1;4;0;0;1;1;1;1;1;1;1;4;5;5;1;3;2;4;0;0;0;0;1;0;0;1;0;0;0;1;0;0;0;1;0;15;14;14
0;0;17;1;0;0;2;4;2;2;0;0;1;1;0;1;1;1;1;4;3;3;1;1;1;2;0;0;0;1;0;0;1;0;0;0;0;1;0;0;1;0;0;10;10;10
0;0;18;1;0;0;4;4;1;2;1;1;1;0;1;1;1;1;1;2;4;4;1;1;4;15;0;1;0;0;0;0;1;0;0;0;0;1;0;0;0;1;0;9;8;8
0;0;18;1;0;0;1;1;2;2;0;1;0;0;1;1;1;1;0;5;4;4;1;1;4;4;0;0;0;0;1;0;0;0;0;1;1;0;0;0;1;0;0;8;9;10
0;0;17;1;0;0;2;2;1;2;0;0;1;0;0;0;1;1;0;5;4;5;1;2;5;4;0;0;0;0;1;0;0;0;0;1;0;0;1;0;1;0;0;10;9;11
0;0;18;1;0;0;2;2;1;3;0;0;1;1;0;1;1;1;0;4;3;3;1;2;2;5;0;0;0;1;0;0;0;0;1;0;0;0;0;1;1;0;0;18;18;19
0;0;17;1;0;0;1;1;1;3;0;0;1;1;0;1;1;1;0;4;3;3;1;1;3;6;0;0;1;0;0;1;0;0;0;0;0;1;0;0;1;0;0;13;12;12
0;0;17;1;0;0;4;3;1;3;0;0;1;1;0;1;1;1;0;4;2;2;1;2;3;0;0;1;0;0;0;0;0;1;0;0;0;1;0;0;1;0;0;15;15;15
0;0;19;1;0;0;4;4;2;2;0;0;1;1;1;1;1;1;0;2;3;4;2;3;2;0;0;1;0;0;0;0;0;0;0;1;0;1;0;0;0;0;1;10;9;0
0;0;18;1;0;0;4;3;1;4;0;0;1;1;0;1;1;1;0;4;3;3;1;1;3;0;0;0;0;0;1;0;0;0;0;1;0;1;0;0;0;1;0;14;13;14
0;0;17;1;0;0;4;2;2;3;0;0;1;1;0;1;1;1;0;4;3;3;1;1;3;0;0;0;0;0;1;0;0;0;0;1;0;1;0;0;1;0;0;15;12;14
0;0;17;1;0;0;3;2;1;4;0;0;1;1;1;0;1;1;0;5;2;2;1;2;5;0;0;1;0;0;0;0;1;0;0;0;0;1;0;0;0;1;0;17;17;18
0;0;18;1;0;0;2;4;1;2;1;0;1;1;1;1;1;1;0;4;4;3;1;1;3;8;0;0;1;0;0;0;0;0;1;0;0;1;0;0;0;0;1;14;12;12
0;0;19;1;0;0;2;1;3;2;0;0;1;0;0;1;0;1;1;3;4;1;1;1;2;20;0;0;0;1;0;0;0;0;0;1;0;0;0;1;0;0;1;14;12;13
0;0;19;1;0;0;1;1;1;3;2;0;0;0;0;0;1;1;1;4;1;2;1;1;3;14;0;0;0;1;0;0;1;0;0;0;1;0;0;0;0;0;1;15;13;13
0;0;18;1;0;0;2;1;2;2;0;0;1;1;1;1;1;1;0;5;3;3;1;2;1;0;0;0;1;0;0;0;0;0;0;1;0;0;1;0;1;0;0;8;8;0
0;0;18;1;0;0;4;3;1;3;0;0;1;1;1;1;1;1;1;4;3;4;1;1;5;9;0;0;0;0;1;0;0;0;0;1;0;0;1;0;1;0;0;9;10;9
0;0;18;1;0;0;4;4;1;2;0;0;1;1;0;1;1;1;0;4;4;4;3;3;5;2;1;0;0;0;0;0;0;0;0;1;0;0;1;0;1;0;0;11;11;11
0;0;17;1;0;1;4;3;1;2;0;0;1;1;0;1;1;1;1;5;2;2;1;2;5;23;0;0;1;0;0;0;0;1;0;0;0;0;1;0;1;0;0;13;13;13
0;0;17;1;0;0;2;2;1;2;0;0;1;0;0;1;1;0;1;4;2;2;1;1;3;12;0;0;0;0;1;0;0;0;0;1;0;0;1;0;1;0;0;11;9;9
0;0;17;1;0;0;3;1;1;3;0;0;1;0;0;0;1;1;0;3;4;3;2;3;5;1;0;0;1;0;0;0;0;1;0;0;0;0;1;0;0;1;0;12;14;15
0;0;17;1;0;0;4;4;1;3;0;0;1;1;1;1;1;1;0;5;4;4;1;3;4;7;1;0;0;0;0;0;0;1;0;0;0;0;1;0;1;0;0;10;9;9
0;0;17;1;0;0;4;4;2;3;0;0;1;1;0;0;1;1;1;4;3;3;1;2;4;4;1;0;0;0;0;1;0;0;0;0;0;0;1;0;1;0;0;14;14;14
0;0;18;1;0;0;3;3;1;2;0;0;0;0;1;1;1;1;0;5;3;4;1;1;4;0;0;0;1;0;0;0;0;1;0;0;1;0;0;0;1;0;0;7;0;0
0;0;17;1;0;0;3;4;1;3;0;0;0;0;0;1;1;1;0;4;4;5;1;3;5;16;0;0;1;0;0;0;0;0;0;1;0;0;1;0;1;0;0;16;15;15
0;0;17;1;0;0;3;2;1;2;0;0;1;1;0;1;1;1;1;4;3;2;2;3;2;0;0;0;0;0;1;0;0;0;0;1;1;0;0;0;1;0;0;7;8;0
0;0;19;1;0;0;2;1;1;3;1;0;0;1;1;1;1;1;1;4;3;4;1;3;3;4;0;0;1;0;0;0;0;1;0;0;1;0;0;0;0;0;1;11;12;11
0;0;17;1;0;1;2;2;1;2;1;0;1;0;0;1;1;1;1;3;3;1;1;2;4;0;0;0;0;1;0;0;0;0;1;0;1;0;0;0;0;1;0;9;8;0
0;0;18;1;0;0;2;3;1;3;0;0;1;0;0;1;1;1;0;4;3;3;1;2;3;4;0;0;0;1;0;0;0;0;0;1;0;0;1;0;1;0;0;11;10;10
0;0;18;1;0;0;3;2;1;3;0;0;0;0;0;1;1;1;1;5;4;3;2;3;1;7;0;0;0;0;1;0;0;1;0;0;0;0;0;1;1;0;0;13;13;14
0;0;17;1;0;0;4;3;1;3;0;0;1;1;1;1;1;1;1;4;4;3;1;3;4;0;0;1;0;0;0;0;0;0;0;1;0;1;0;0;1;0;0;13;15;15
1;0;18;1;0;0;3;3;1;2;0;0;1;0;0;1;1;0;1;5;3;4;1;1;5;0;0;0;1;0;0;0;0;1;0;0;0;0;1;0;0;1;0;10;9;9
1;0;18;1;0;0;3;3;2;2;0;0;1;0;0;1;1;1;1;4;3;2;1;3;3;0;0;0;1;0;0;0;0;1;0;0;0;0;0;1;1;0;0;11;11;10
1;0;18;1;0;0;2;3;2;1;0;0;1;1;0;1;1;1;1;5;2;3;1;2;4;0;0;0;0;1;0;0;0;1;0;0;0;0;1;0;0;1;0;11;10;10
1;0;17;1;0;0;2;2;1;3;0;0;0;0;1;1;1;0;1;3;4;3;1;1;3;8;0;0;0;0;1;0;0;0;1;0;1;0;0;0;1;0;0;13;11;11
1;0;20;1;0;0;4;2;2;3;2;0;1;1;0;0;1;1;1;5;4;3;1;1;3;4;0;1;0;0;0;0;0;0;0;1;0;0;1;0;0;0;1;15;14;15
1;0;18;1;0;0;3;3;1;2;0;0;0;1;0;1;1;1;1;4;1;3;1;2;1;0;0;0;0;0;1;0;0;0;0;1;1;0;0;0;1;0;0;15;15;15
1;0;18;1;0;0;1;1;2;2;1;0;0;0;1;1;1;0;0;1;1;1;1;1;5;0;0;0;0;0;1;0;0;0;0;1;0;0;1;0;1;0;0;6;5;0
0;1;15;1;0;0;3;4;1;2;0;0;1;1;1;1;1;1;0;5;5;1;1;1;5;0;0;0;0;0;1;0;0;0;0;1;1;0;0;0;1;0;0;14;15;15
0;1;15;1;0;0;4;3;2;2;0;0;1;1;0;1;1;1;0;5;4;3;1;2;3;2;1;0;0;0;0;0;0;0;0;1;0;0;1;0;1;0;0;10;10;11
0;1;15;1;0;1;2;2;1;3;0;0;1;0;0;1;1;1;1;4;5;2;1;1;3;0;0;0;0;0;1;0;0;0;0;1;1;0;0;0;0;0;1;14;16;16
0;1;17;1;0;0;3;2;1;1;3;0;1;0;1;1;1;1;0;5;5;5;2;4;5;16;0;0;1;0;0;0;0;1;0;0;0;0;1;0;1;0;0;6;5;5
0;1;15;1;0;0;4;3;1;2;0;0;0;0;0;1;1;1;0;4;4;1;1;1;1;0;1;0;0;0;0;0;0;0;0;1;0;1;0;0;1;0;0;13;14;15
0;1;15;1;0;0;4;4;1;1;0;0;1;1;0;1;1;1;0;5;4;2;1;1;5;0;0;1;0;0;0;0;1;0;0;0;0;0;0;1;0;1;0;12;15;15
0;1;15;1;0;0;2;2;1;1;0;0;1;1;0;1;1;1;0;4;2;2;1;2;5;2;0;0;0;0;1;0;0;0;0;1;1;0;0;0;1;0;0;12;12;11
0;1;15;1;0;0;4;2;1;1;0;0;0;1;0;1;1;1;0;2;2;4;2;4;1;4;0;1;0;0;0;0;0;1;0;0;0;0;0;1;1;0;0;15;16;15
0;1;16;1;0;0;4;4;1;2;0;0;1;1;1;1;1;1;1;4;4;5;5;5;5;16;1;0;0;0;0;1;0;0;0;0;1;0;0;0;1;0;0;10;12;11
0;1;15;1;0;0;4;4;1;2;0;0;1;1;0;0;1;1;0;5;4;2;3;4;5;0;0;1;0;0;0;0;0;1;0;0;1;0;0;0;1;0;0;9;11;12
0;1;15;1;0;0;4;4;2;2;0;0;1;0;1;1;1;1;0;4;3;1;1;1;5;0;0;0;1;0;0;0;0;1;0;0;0;1;0;0;1;0;0;17;16;17
0;1;16;1;0;0;3;2;1;1;0;0;1;1;0;0;1;1;0;5;4;3;1;1;5;0;0;0;0;0;1;0;0;0;0;1;1;0;0;0;1;0;0;12;14;15
0;1;15;1;0;0;4;4;1;2;0;0;1;0;1;1;1;1;0;4;3;3;1;1;5;2;0;0;1;0;0;1;0;0;0;0;0;0;1;0;0;1;0;19;18;18
0;1;15;1;0;0;2;2;1;1;0;1;1;0;0;1;1;1;0;5;4;1;1;1;1;0;0;0;1;0;0;0;0;1;0;0;0;0;1;0;0;1;0;8;8;11
0;1;16;1;0;0;4;3;1;4;0;0;0;0;1;1;1;1;0;4;2;2;1;1;2;4;0;1;0;0;0;0;0;1;0;0;0;1;0;0;1;0;0;19;19;20
0;1;15;1;0;0;4;2;1;2;0;0;1;1;0;1;1;0;0;4;3;3;2;2;5;2;1;0;0;0;0;0;0;0;0;1;1;0;0;0;1;0;0;15;15;14
0;1;15;1;0;0;4;4;1;2;0;0;1;0;1;1;1;0;0;3;2;2;1;1;5;4;1;0;0;0;0;0;1;0;0;0;0;1;0;0;1;0;0;14;15;15
0;1;15;1;0;1;4;4;1;4;0;0;1;0;1;0;1;1;1;1;3;3;5;5;3;4;0;0;0;0;1;0;0;1;0;0;0;1;0;0;1;0;0;13;13;12
0;1;16;1;0;0;3;1;2;4;0;0;1;1;0;1;1;1;0;4;3;2;1;1;5;0;0;0;0;0;1;0;0;0;0;1;0;1;0;0;0;1;0;13;15;15
0;1;15;1;0;0;4;2;1;4;0;0;0;0;0;1;1;1;0;3;3;3;1;1;3;0;0;0;0;0;1;0;0;0;0;1;0;0;1;0;1;0;0;10;10;10
0;1;16;1;0;0;3;1;1;1;0;0;0;0;1;1;1;0;0;5;3;2;2;2;5;2;0;0;0;0;1;0;0;0;0;1;0;1;0;0;1;0;0;12;12;14
0;1;15;1;0;0;4;3;1;2;0;0;1;1;1;1;1;1;0;4;3;3;2;3;5;6;1;0;0;0;0;0;0;0;0;1;1;0;0;0;1;0;0;9;9;10
0;1;15;1;0;0;4;0;2;4;0;0;0;0;1;1;1;1;0;3;4;3;1;1;1;8;1;0;0;0;0;0;0;0;0;1;0;0;1;0;1;0;0;11;11;10
0;1;17;1;0;0;2;1;2;1;3;1;1;0;1;1;0;1;0;4;5;1;1;1;3;2;0;0;0;0;1;0;0;0;0;1;1;0;0;0;1;0;0;8;8;10
0;1;15;1;0;0;2;3;1;1;0;1;1;1;1;0;1;1;1;3;2;2;1;3;3;2;0;0;0;0;1;0;0;1;0;0;0;0;1;0;0;1;0;10;12;12
0;1;15;1;0;0;2;3;1;3;0;1;0;1;0;0;1;1;0;5;3;2;1;2;5;4;0;0;0;0;1;0;0;0;0;1;1;0;0;0;1;0;0;11;10;11
0;1;16;1;0;0;2;2;2;2;1;0;0;1;1;0;1;1;0;4;4;2;1;1;3;12;0;0;1;0;0;0;0;0;0;1;0;1;0;0;0;1;0;11;10;10
0;1;16;1;0;0;4;4;1;1;0;1;1;1;1;1;1;1;0;4;5;5;5;5;4;14;0;0;1;0;0;0;0;1;0;0;0;0;0;1;1;0;0;7;7;5
0;1;16;1;0;0;4;4;1;3;0;0;1;0;1;1;1;1;1;4;4;3;1;1;4;0;0;0;1;0;0;1;0;0;0;0;0;0;0;1;0;1;0;16;17;17
0;1;15;1;0;0;4;4;1;1;0;0;1;0;1;0;1;1;0;5;3;3;1;1;5;4;0;0;1;0;0;0;0;0;0;1;0;0;1;0;1;0;0;10;13;14
0;1;15;1;0;1;3;4;1;2;0;0;1;1;1;1;1;1;0;5;4;4;1;1;1;0;0;0;1;0;0;0;0;0;0;1;0;0;1;0;1;0;0;16;18;18
0;1;16;1;0;0;3;3;1;3;0;0;1;0;1;1;1;1;0;5;3;3;1;1;5;2;0;0;1;0;0;0;0;0;0;1;1;0;0;0;0;1;0;16;18;18
0;1;16;1;0;0;4;4;1;2;0;0;1;0;1;1;1;1;0;5;4;4;1;2;5;2;1;0;0;0;0;1;0;0;0;0;0;0;1;0;0;1;0;15;15;16
0;1;15;1;0;0;4;4;2;2;0;0;1;0;1;1;1;0;0;4;4;3;1;1;2;2;0;0;0;0;1;1;0;0;0;0;0;1;0;0;0;1;0;11;13;14
0;1;16;1;0;0;3;3;2;1;0;0;0;0;1;1;1;1;0;5;4;2;1;1;5;0;0;0;0;0;1;0;0;1;0;0;1;0;0;0;0;1;0;13;14;13
0;1;15;1;0;0;3;4;1;1;0;0;0;0;0;1;1;1;0;3;4;3;1;2;4;6;0;0;0;0;1;0;0;0;0;1;0;1;0;0;0;1;0;14;13;13
0;1;15;1;0;0;2;2;1;4;0;0;1;1;1;1;1;1;0;5;5;4;1;2;5;6;0;0;1;0;0;0;0;1;0;0;1;0;0;0;0;1;0;16;14;15
0;1;16;1;0;0;4;4;1;1;0;0;1;0;1;1;1;1;0;3;4;4;1;4;5;18;0;1;0;0;0;0;0;0;0;1;0;0;1;0;1;0;0;14;11;13
0;1;15;1;0;0;3;4;1;1;0;1;0;0;0;1;1;1;0;5;5;5;3;2;5;0;0;0;1;0;0;0;0;1;0;0;1;0;0;0;0;1;0;13;13;12
0;1;15;1;0;0;4;3;2;4;0;1;1;0;0;1;1;1;0;2;2;2;1;1;3;0;1;0;0;0;0;0;0;1;0;0;0;0;1;0;0;1;0;7;9;0
0;1;17;1;0;0;2;1;1;1;3;0;1;0;0;1;1;1;0;5;4;5;1;2;5;0;0;0;0;0;1;0;0;0;0;1;1;0;0;0;1;0;0;5;0;0
0;1;16;1;0;0;4;4;1;1;0;0;1;0;0;1;0;1;1;3;3;2;2;1;5;0;1;0;0;0;0;1;0;0;0;0;0;0;1;0;1;0;0;7;6;0
0;1;19;1;0;0;3;2;1;1;3;0;1;0;0;1;0;1;1;4;5;4;1;1;4;0;0;0;1;0;0;0;0;0;1;0;1;0;0;0;1;0;0;5;0;0
0;1;16;1;0;0;3;3;1;2;1;0;1;1;0;1;1;1;1;4;5;5;4;4;5;4;0;0;0;0;1;0;0;1;0;0;0;0;1;0;0;1;0;10;12;12
0;1;17;1;0;0;1;3;1;1;0;0;0;0;0;1;0;1;0;5;3;3;1;4;2;2;0;0;0;1;0;0;0;1;0;0;0;0;1;0;0;1;0;10;10;10
0;1;16;1;0;0;3;2;2;1;1;0;1;0;1;0;0;0;0;4;5;2;1;1;2;16;0;0;1;0;0;0;0;1;0;0;0;0;1;0;1;0;0;12;11;12
0;1;16;1;0;0;2;2;1;2;0;0;0;0;0;1;0;1;0;4;3;5;2;4;4;4;0;0;0;0;1;0;0;0;0;1;0;0;1;0;0;1;0;10;10;10
0;1;16;1;0;0;3;4;3;1;2;0;1;0;1;0;1;1;0;3;4;5;2;4;2;0;0;0;0;0;1;0;0;0;0;1;0;0;1;0;0;1;0;6;5;0
0;1;16;1;0;0;1;0;2;2;0;0;1;1;1;1;1;1;1;4;3;2;1;1;3;2;0;0;0;0;1;0;0;0;0;1;0;1;0;0;1;0;0;13;15;16
0;1;17;1;0;0;3;3;1;2;0;0;0;0;1;0;1;1;0;4;3;4;1;4;4;4;0;0;0;0;1;0;0;0;0;1;0;1;0;0;0;1;0;6;5;6
0;1;17;1;0;0;4;3;1;2;0;0;1;0;1;1;1;1;1;5;2;3;1;1;2;4;0;0;0;0;1;0;0;0;0;1;0;0;1;0;1;0;0;10;10;11
0;1;16;1;0;0;4;3;1;2;0;0;1;1;1;1;1;1;0;3;4;3;2;3;3;10;1;0;0;0;0;0;0;0;0;1;1;0;0;0;1;0;0;9;8;8
0;1;16;1;0;0;3;3;1;2;0;0;0;1;1;1;1;1;1;4;2;3;1;2;3;2;0;0;1;0;0;0;0;0;0;1;1;0;0;0;1;0;0;12;13;12
0;1;17;1;0;0;3;3;1;2;0;0;1;0;1;1;1;1;1;4;3;4;2;3;4;12;0;0;1;0;0;0;0;1;0;0;0;0;0;1;1;0;0;12;12;11
0;1;16;1;0;0;1;2;1;1;0;0;1;1;1;1;1;1;1;3;3;3;1;2;3;2;0;0;1;0;0;0;0;1;0;0;0;0;0;1;1;0;0;11;12;11
0;1;17;1;0;0;1;2;2;2;0;0;0;1;1;0;1;1;0;4;4;4;4;5;5;12;0;0;0;1;0;0;0;1;0;0;0;0;0;1;0;0;1;7;8;8
0;1;16;1;0;0;2;3;2;1;0;0;0;0;0;1;1;1;0;5;3;3;1;1;3;0;0;0;0;0;1;0;0;0;0;1;1;0;0;0;0;1;0;13;14;14
0;1;17;1;0;0;4;4;1;1;0;0;0;0;0;1;1;1;0;5;2;3;1;2;5;4;0;0;1;0;0;1;0;0;0;0;1;0;0;0;1;0;0;17;15;16
0;1;18;1;0;0;2;2;1;2;1;0;1;1;1;1;1;1;0;4;4;4;2;4;5;15;0;0;1;0;0;0;0;0;0;1;1;0;0;0;1;0;0;6;7;8
0;1;18;1;0;0;2;2;2;2;0;0;1;1;0;1;1;1;0;3;3;3;5;5;4;0;0;0;0;0;1;0;0;0;0;1;1;0;0;0;1;0;0;12;13;13
0;1;17;1;0;0;4;4;1;2;0;1;1;0;1;1;1;1;1;4;5;5;1;3;2;14;1;0;0;0;0;1;0;0;0;0;0;1;0;0;1;0;0;11;9;9
0;1;16;1;0;0;4;4;1;2;0;0;1;1;1;1;1;1;0;4;2;4;2;4;1;2;0;1;0;0;0;0;0;0;0;1;0;1;0;0;0;1;0;14;13;13
0;1;16;1;0;0;3;2;2;3;0;0;0;0;1;1;1;1;1;5;3;3;1;3;2;10;0;0;0;1;0;0;0;0;0;1;0;1;0;0;1;0;0;11;9;10
0;1;18;1;0;0;2;2;1;2;1;0;0;0;0;1;0;1;0;5;5;4;3;5;2;0;0;0;0;0;1;0;0;1;0;0;0;1;0;0;0;1;0;7;7;0
0;1;16;1;0;0;4;4;1;1;0;0;0;0;1;1;1;1;0;5;3;2;1;2;5;0;0;0;1;0;0;0;0;1;0;0;0;0;1;0;1;0;0;13;12;12
0;1;16;1;0;0;2;1;3;1;0;0;0;0;0;1;1;1;0;4;3;3;1;1;4;6;0;0;0;0;1;0;0;0;0;1;0;0;1;0;1;0;0;18;18;18
0;1;17;1;0;0;2;3;2;1;0;0;0;0;0;1;1;1;0;5;2;2;1;1;2;4;0;0;0;0;1;0;0;0;0;1;0;0;1;0;0;1;0;12;12;13
0;1;22;1;0;0;3;1;1;1;3;0;0;0;0;0;0;1;1;5;4;5;5;5;1;16;0;0;1;0;0;0;0;1;0;0;0;0;0;1;1;0;0;6;8;8
0;1;16;1;0;0;0;2;1;1;0;0;0;1;0;0;1;1;0;4;3;2;2;4;5;0;0;0;0;0;1;0;0;0;0;1;0;0;0;1;1;0;0;13;15;15
0;1;18;1;0;0;3;2;2;1;1;0;0;0;0;1;0;1;0;4;4;5;2;4;5;0;0;0;1;0;0;0;0;0;0;1;0;0;1;0;1;0;0;6;8;8
0;1;16;1;0;0;3;3;3;2;0;1;1;0;0;0;1;1;0;5;3;3;1;3;2;6;0;0;0;1;0;0;0;0;0;1;0;1;0;0;0;0;1;7;10;10
0;1;18;1;0;0;2;1;1;1;1;0;0;0;0;0;0;1;0;3;2;5;2;5;5;4;0;0;1;0;0;0;0;1;0;0;0;0;0;1;1;0;0;6;9;8
0;1;18;1;0;0;2;1;1;2;0;0;0;0;1;1;1;1;0;5;2;4;1;2;4;8;0;0;0;0;1;0;0;0;0;1;1;0;0;0;1;0;0;15;14;14
0;1;18;1;0;0;4;3;1;2;0;0;1;1;0;0;1;1;0;4;3;2;1;1;3;2;1;0;0;0;0;0;0;0;0;1;0;0;1;0;1;0;0;8;8;8
0;1;17;1;0;0;3;1;1;2;0;0;0;1;1;1;1;1;1;5;4;4;3;4;5;2;0;0;1;0;0;0;0;0;0;1;0;0;0;1;1;0;0;9;9;10
0;1;18;1;0;0;4;2;1;2;0;0;1;1;1;1;1;1;1;5;4;5;1;3;5;10;0;1;0;0;0;0;0;0;0;1;0;1;0;0;0;1;0;10;9;10
0;1;18;1;0;0;4;4;2;1;0;0;0;1;1;1;1;1;0;3;2;4;1;4;3;22;1;0;0;0;0;0;0;1;0;0;1;0;0;0;1;0;0;9;9;9
0;1;17;1;0;0;1;1;1;2;0;0;0;1;0;0;1;1;0;4;3;3;1;2;4;2;0;0;0;0;1;0;0;0;0;1;0;1;0;0;0;1;0;12;10;11
0;1;18;1;0;0;2;1;1;3;0;0;0;1;1;1;1;1;0;4;2;4;1;3;2;6;0;0;1;0;0;0;0;1;0;0;0;1;0;0;1;0;0;15;14;14
0;1;18;1;0;0;4;2;1;2;0;0;1;1;1;1;1;1;1;4;3;2;1;4;5;11;1;0;0;0;0;0;0;0;0;1;1;0;0;0;1;0;0;12;11;11
0;1;17;1;0;0;3;3;1;1;0;0;1;1;0;1;1;1;0;4;4;3;1;3;5;4;0;1;0;0;0;0;0;0;0;1;1;0;0;0;1;0;0;14;12;11
0;1;19;1;0;0;3;3;1;2;1;0;1;0;1;1;1;1;1;4;4;4;1;1;3;20;0;0;0;0;1;0;0;0;0;1;1;0;0;0;0;0;1;15;14;13
0;1;20;1;0;1;3;2;1;1;0;0;0;0;1;1;1;0;0;5;5;3;1;1;5;0;0;0;1;0;0;0;0;0;0;1;0;0;1;0;0;0;1;17;18;18
0;1;19;1;0;0;4;4;2;1;1;0;1;1;0;1;1;1;1;4;3;4;1;1;4;38;1;0;0;0;0;0;0;1;0;0;0;1;0;0;0;0;1;8;9;8
0;1;19;1;0;0;1;2;1;2;1;0;0;0;0;0;1;1;0;4;5;2;2;2;4;3;0;0;0;0;1;0;0;1;0;0;0;0;1;0;0;0;1;13;11;11
0;1;18;1;0;0;4;4;1;3;0;0;0;0;1;1;1;1;0;4;3;3;2;2;3;3;0;0;0;0;1;0;0;0;0;1;0;0;1;0;1;0;0;9;12;11
0;1;17;1;0;0;3;3;1;1;0;0;0;0;1;0;1;1;0;4;3;5;3;5;5;3;0;0;0;0;1;0;0;1;0;0;0;1;0;0;1;0;0;14;15;16
0;1;18;1;0;0;4;4;1;2;1;0;1;0;1;1;1;1;0;4;3;3;2;2;2;0;1;0;0;0;0;0;0;1;0;0;1;0;0;0;0;1;0;10;10;0
0;1;18;1;0;0;4;3;1;3;0;0;1;1;0;1;1;1;1;5;4;5;2;3;5;0;1;0;0;0;0;0;0;0;0;1;0;0;1;0;1;0;0;10;10;9
1;1;17;1;0;0;3;3;2;2;0;0;1;1;0;1;1;1;0;4;5;4;2;3;3;2;0;1;0;0;0;0;0;0;0;1;0;0;1;0;1;0;0;13;13;13
1;1;18;1;0;0;4;4;1;2;0;0;0;1;1;0;1;1;0;3;2;4;1;4;2;4;1;0;0;0;0;1;0;0;0;0;1;0;0;0;0;1;0;15;14;14
1;1;17;1;0;0;2;3;2;2;0;0;0;0;1;1;1;1;0;4;4;3;1;1;3;2;0;0;0;0;1;0;0;1;0;0;1;0;0;0;0;1;0;11;11;10
0;0;15;0;1;0;2;2;2;2;0;1;1;1;0;1;1;1;0;4;1;3;1;3;4;2;0;1;0;0;0;0;0;1;0;0;0;1;0;0;1;0;0;8;9;8
0;0;15;0;1;0;3;1;2;4;0;0;1;0;0;0;1;1;0;4;4;2;2;3;3;12;0;0;0;0;1;0;0;0;0;1;0;1;0;0;0;1;0;16;16;16
0;0;17;0;1;0;4;4;1;1;0;0;1;1;0;1;1;0;0;5;2;1;1;2;3;12;0;0;1;0;0;0;0;0;0;1;0;0;0;1;1;0;0;8;10;10
0;0;18;0;1;0;1;1;2;4;0;0;1;1;1;1;1;0;0;5;2;2;1;1;3;1;0;0;0;1;0;0;0;0;0;1;0;1;0;0;1;0;0;12;12;12
0;0;17;0;1;0;3;1;2;4;0;0;1;1;0;1;1;0;0;3;1;2;1;1;3;6;0;0;1;0;0;0;0;0;0;1;0;1;0;0;1;0;0;18;18;18
0;0;17;0;1;0;2;2;1;3;0;0;1;1;1;1;1;1;0;3;3;2;2;2;3;3;0;0;1;0;0;0;0;1;0;0;0;0;1;0;1;0;0;11;11;11
1;0;18;0;1;1;1;4;3;2;0;0;0;0;0;1;1;0;1;4;3;4;1;4;5;0;0;0;0;1;0;0;0;0;0;1;0;0;1;0;1;0;0;13;13;13
1;0;18;0;1;0;4;4;2;3;0;0;0;0;0;1;1;1;0;5;4;4;1;1;1;0;0;0;0;0;1;0;0;0;0;1;0;1;0;0;1;0;0;19;18;19
1;0;18;0;1;0;4;4;1;2;0;0;0;1;1;1;1;1;0;5;4;3;3;4;2;4;1;0;0;0;0;0;0;1;0;0;0;0;1;0;1;0;0;8;9;10
0;1;17;0;1;0;1;2;1;1;0;0;0;0;0;1;1;0;0;2;2;2;3;3;5;8;0;0;0;0;1;0;0;0;0;1;0;1;0;0;1;0;0;16;12;13
0;1;17;0;1;0;2;1;2;1;2;0;0;0;1;1;0;1;1;3;3;2;2;2;5;0;0;0;0;1;0;0;0;0;0;1;0;0;1;0;1;0;0;7;6;0
0;1;17;0;1;0;1;1;4;2;3;0;0;0;1;1;0;0;1;5;3;5;1;5;5;0;0;0;0;0;1;0;0;1;0;0;0;0;1;0;1;0;0;5;8;7
0;1;16;0;1;0;3;3;3;1;0;0;1;1;1;1;1;1;0;3;3;4;3;5;3;8;1;0;0;0;0;0;0;0;0;1;1;0;0;0;0;1;0;9;9;10
0;1;17;0;1;1;4;4;2;2;0;0;1;1;0;1;1;1;0;3;3;3;2;3;4;2;1;0;0;0;0;0;0;0;0;1;0;0;1;0;1;0;0;10;11;12
0;1;18;0;1;0;3;3;1;2;1;0;1;0;0;1;1;1;1;4;3;3;1;3;5;8;0;0;0;0;1;0;0;1;0;0;0;0;1;0;1;0;0;3;5;5
0;1;18;0;1;1;3;4;2;2;0;0;1;1;1;1;1;1;0;4;2;5;3;4;1;13;0;0;0;0;1;0;0;0;0;1;0;1;0;0;1;0;0;17;17;17
0;1;18;0;1;0;3;2;2;3;0;0;1;1;1;1;1;1;0;5;4;2;1;1;4;8;0;0;1;0;0;0;0;0;0;1;0;1;0;0;1;0;0;14;13;14
1;1;18;0;1;0;1;1;2;2;1;0;0;0;1;0;0;0;0;4;4;3;2;3;5;2;0;0;0;1;0;0;0;0;0;1;0;0;0;1;1;0;0;13;12;12
1;1;18;0;1;0;1;2;3;1;0;0;1;1;1;1;0;1;1;4;3;3;2;3;3;3;0;0;0;1;0;0;0;1;0;0;0;0;0;1;0;1;0;14;12;12
1;1;18;0;1;0;3;2;3;1;0;0;0;0;0;0;1;1;0;4;4;1;3;4;5;0;0;0;1;0;0;0;0;0;0;1;0;0;1;0;1;0;0;11;12;10
0;0;15;1;1;0;1;1;1;2;3;1;0;1;0;1;1;1;0;4;3;2;2;3;3;10;0;0;0;1;0;0;0;0;0;1;0;0;0;1;1;0;0;7;8;10
0;0;16;1;1;0;2;2;2;2;1;0;1;0;1;0;1;1;1;3;3;3;1;2;3;25;0;0;0;0;1;0;0;0;0;1;1;0;0;0;1;0;0;7;10;11
0;0;16;1;1;0;2;2;2;2;1;1;0;0;1;1;1;1;0;4;3;3;2;2;5;14;0;0;0;0;1;0;0;0;1;0;0;0;1;0;0;1;0;10;10;9
0;0;15;1;1;1;4;3;1;2;0;1;1;1;1;1;1;1;1;5;2;2;1;1;5;8;0;0;0;0;1;0;0;0;0;1;0;0;1;0;1;0;0;8;8;6
0;0;16;1;1;1;3;3;1;2;0;0;1;0;0;1;1;1;0;2;3;5;1;4;3;12;0;0;0;0;1;0;0;1;0;0;1;0;0;0;1;0;0;11;12;11
0;0;16;1;1;0;2;2;3;2;0;0;1;1;0;1;1;1;0;4;3;3;2;3;4;2;0;0;1;0;0;0;0;1;0;0;0;0;1;0;1;0;0;12;13;13
0;0;15;1;1;0;4;2;1;2;0;0;1;1;0;1;1;1;0;4;3;3;1;1;5;2;0;1;0;0;0;0;0;0;0;1;0;0;0;1;1;0;0;11;13;13
0;0;15;1;1;1;3;3;1;1;0;0;0;1;0;1;1;1;0;5;3;4;4;4;1;6;0;0;0;0;1;0;0;0;0;1;0;0;0;1;1;0;0;10;13;13
0;0;16;1;1;0;1;2;1;2;0;1;0;0;1;1;1;1;0;4;4;3;1;1;1;4;0;0;0;0;1;0;0;1;0;0;0;1;0;0;0;1;0;8;10;9
0;0;15;1;1;0;4;3;1;2;0;1;0;0;1;1;1;1;1;4;4;4;2;4;2;0;0;0;1;0;0;0;0;1;0;0;0;1;0;0;0;1;0;10;10;10
0;0;16;1;1;0;4;3;3;2;0;0;1;0;1;1;1;1;0;5;4;3;1;2;1;2;1;0;0;0;0;0;0;1;0;0;0;0;1;0;1;0;0;16;15;15
0;0;15;1;1;0;3;2;1;2;0;0;1;1;0;1;1;1;0;4;4;4;1;1;5;10;0;0;1;0;0;0;0;0;0;1;0;1;0;0;1;0;0;7;6;6
0;0;16;1;1;0;2;2;1;2;0;0;1;0;0;1;1;0;0;4;3;4;1;2;2;4;0;0;0;1;0;0;0;0;0;1;0;0;1;0;1;0;0;8;7;6
0;0;16;1;1;0;3;1;1;2;0;1;1;0;0;1;1;0;0;3;3;3;2;3;2;4;0;0;0;0;1;0;0;0;0;1;1;0;0;0;0;1;0;7;6;6
0;0;16;1;1;0;4;4;1;3;0;0;1;1;1;1;1;1;1;5;4;5;1;1;4;4;0;1;0;0;0;0;1;0;0;0;0;0;0;1;1;0;0;14;15;16
0;0;16;1;1;0;2;4;2;2;0;0;1;1;1;1;1;1;1;4;2;2;1;2;5;2;0;0;0;0;1;0;1;0;0;0;0;0;1;0;0;1;0;13;13;13
0;0;15;1;1;1;3;4;1;2;0;1;0;0;1;1;1;1;1;5;3;2;1;1;1;0;0;0;0;0;1;0;0;0;0;1;1;0;0;0;1;0;0;7;10;11
0;0;17;1;1;0;2;2;1;1;0;0;1;0;0;1;1;1;1;3;4;4;1;3;5;12;0;0;0;0;1;0;0;0;0;1;0;0;1;0;0;1;0;10;13;12
0;0;16;1;1;0;1;1;1;1;0;0;0;0;0;1;1;1;0;3;4;4;3;3;1;2;0;0;0;1;0;0;0;0;1;0;0;0;1;0;1;0;0;14;14;13
0;0;16;1;1;0;3;3;2;2;0;0;1;1;1;1;1;1;0;4;4;5;1;1;4;4;0;0;0;0;1;0;0;0;0;1;0;1;0;0;1;0;0;10;11;9
0;0;17;1;1;0;3;3;1;2;0;0;1;0;1;1;1;1;1;5;3;3;2;3;1;56;0;0;0;0;1;0;0;0;0;1;0;1;0;0;1;0;0;9;9;8
0;0;17;1;1;0;2;4;1;2;0;0;0;0;1;1;1;1;1;4;3;2;1;1;5;0;0;0;1;0;0;0;0;1;0;0;0;0;1;0;0;1;0;14;15;15
0;0;16;1;1;0;4;4;1;2;0;0;1;1;0;1;1;1;0;4;5;2;1;2;3;0;1;0;0;0;0;1;0;0;0;0;0;1;0;0;1;0;0;9;9;10
0;0;17;1;1;0;3;2;2;2;0;0;0;1;0;1;1;1;0;4;4;4;1;3;1;2;0;0;0;0;1;0;0;0;0;1;0;1;0;0;1;0;0;14;15;15
0;0;17;1;1;0;4;3;1;2;0;0;0;0;1;1;1;1;1;3;2;3;1;2;3;14;0;1;0;0;0;0;0;0;0;1;0;1;0;0;0;1;0;13;13;14
0;0;17;1;1;0;4;2;1;4;0;0;1;1;1;1;1;1;0;4;2;3;1;1;4;6;1;0;0;0;0;0;0;1;0;0;0;1;0;0;1;0;0;14;12;13
0;0;17;1;1;0;2;2;1;4;0;0;0;1;1;1;1;1;1;3;4;1;1;1;2;0;0;0;1;0;0;0;0;1;0;0;0;0;1;0;0;1;0;10;9;0
0;0;18;1;1;0;1;1;2;2;0;0;1;1;0;0;1;0;0;4;4;3;1;1;3;2;0;0;0;0;1;0;0;0;0;1;1;0;0;0;1;0;0;11;11;11
0;0;17;1;1;0;2;2;2;2;0;1;1;1;0;1;1;1;1;4;4;4;2;3;5;6;0;0;1;0;0;0;0;0;0;1;0;0;1;0;1;0;0;12;12;12
0;0;18;1;1;0;2;1;1;2;1;0;0;0;0;1;1;1;1;5;4;3;1;1;5;12;0;0;1;0;0;0;0;0;1;0;0;1;0;0;1;0;0;12;12;13
0;0;18;1;1;0;4;3;2;2;0;0;1;1;0;1;1;1;1;4;4;5;1;2;2;10;0;0;0;0;1;0;0;0;0;1;1;0;0;0;0;0;1;10;8;8
0;0;18;1;1;1;4;4;1;2;0;0;1;0;0;1;1;1;1;4;2;4;1;1;4;14;0;1;0;0;0;0;0;0;0;1;1;0;0;0;1;0;0;12;10;11
0;0;19;1;1;0;1;1;1;2;1;1;1;0;1;0;1;1;0;4;4;3;1;3;3;18;0;0;0;1;0;0;0;0;0;1;0;1;0;0;0;0;1;12;10;10
0;0;19;1;1;0;1;2;1;2;1;0;0;0;1;0;1;0;1;4;2;4;2;2;3;0;0;0;1;0;0;0;0;1;0;0;1;0;0;0;0;0;1;9;9;0
0;0;19;1;1;0;3;2;2;2;1;0;1;1;0;0;1;1;1;4;2;2;1;2;1;22;0;0;1;0;0;0;0;0;0;1;0;1;0;0;0;0;1;13;10;11
0;0;17;1;1;0;0;2;2;3;0;0;0;0;0;1;1;1;0;3;3;3;2;3;2;0;0;0;0;1;0;0;0;0;1;0;1;0;0;0;0;1;0;16;15;15
0;0;18;1;1;0;2;2;1;2;0;0;0;0;1;0;1;1;1;4;3;3;1;1;2;0;0;0;0;0;1;0;0;0;0;1;1;0;0;0;0;0;1;8;8;0
0;0;18;1;1;0;3;3;1;4;0;0;1;0;0;1;1;1;0;5;3;3;1;1;1;7;0;0;1;0;0;0;0;1;0;0;1;0;0;0;1;0;0;16;15;17
1;0;17;1;1;1;3;2;2;2;0;0;0;0;0;1;1;0;1;1;2;3;1;2;5;2;0;0;1;0;0;0;0;0;0;1;0;1;0;0;1;0;0;12;12;11
1;0;18;1;1;0;1;1;2;3;0;0;0;0;0;1;1;1;0;5;3;2;1;1;4;0;0;0;0;1;0;0;0;1;0;0;0;0;1;0;0;1;0;18;16;16
1;0;17;1;1;0;4;4;1;2;0;0;1;1;1;1;1;1;1;2;3;4;1;1;1;0;0;0;0;1;0;0;0;0;1;0;0;0;1;0;1;0;0;16;15;15
1;0;19;1;1;0;3;2;2;2;2;0;0;0;1;1;1;0;1;3;2;2;1;1;3;4;0;0;1;0;0;0;0;1;0;0;1;0;0;0;0;0;1;7;7;9
1;0;18;1;1;0;3;1;1;2;0;0;1;1;0;1;1;1;0;4;3;4;1;1;1;0;1;0;0;0;0;0;0;1;0;0;0;0;1;0;1;0;0;7;9;8
0;1;16;1;1;0;4;3;1;2;0;0;1;1;1;1;1;1;0;5;4;2;1;2;5;10;0;0;1;0;0;0;0;0;0;1;0;1;0;0;1;0;0;15;15;15
0;1;16;1;1;0;2;2;1;2;0;0;0;0;0;1;1;1;0;4;4;4;1;1;3;0;0;0;0;0;1;0;0;0;0;1;1;0;0;0;1;0;0;12;12;11
0;1;15;1;1;1;3;2;1;2;0;0;1;1;0;1;1;1;0;4;2;2;1;1;1;0;0;0;1;0;0;0;0;0;0;1;1;0;0;0;1;0;0;16;18;19
0;1;15;1;1;0;4;4;1;1;0;0;1;1;1;1;1;1;0;4;3;3;1;3;5;2;0;1;0;0;0;0;0;1;0;0;0;0;1;0;0;1;0;14;14;14
0;1;16;1;1;0;4;3;1;1;0;0;0;1;1;1;1;1;0;3;1;3;1;3;5;4;0;1;0;0;0;0;0;0;0;1;1;0;0;0;0;1;0;8;10;10
0;1;16;1;1;0;4;2;1;2;0;0;0;0;1;1;1;1;0;4;5;1;1;3;5;2;1;0;0;0;0;0;0;0;0;1;0;0;1;0;1;0;0;15;15;16
0;1;16;1;1;0;2;2;2;2;0;0;1;0;1;1;1;1;0;5;4;4;2;4;5;0;0;0;0;0;1;0;0;0;0;1;0;1;0;0;1;0;0;13;13;12
0;1;16;1;1;1;3;4;1;2;0;1;1;0;1;1;1;1;0;5;3;3;1;1;5;4;0;0;1;0;0;0;0;0;0;1;1;0;0;0;1;0;0;11;11;11
0;1;15;1;1;0;3;3;1;2;0;0;0;0;1;0;1;1;0;5;3;2;1;1;2;0;0;0;0;0;1;0;0;0;0;1;0;0;1;0;1;0;0;8;10;12
0;1;15;1;1;0;4;3;1;3;0;0;1;0;1;1;1;1;0;5;4;3;1;1;4;2;1;0;0;0;0;0;0;1;0;0;1;0;0;0;1;0;0;15;16;18
0;1;15;1;1;0;4;4;1;1;0;0;1;0;0;0;1;1;1;5;4;3;2;4;5;8;1;0;0;0;0;0;0;0;0;1;1;0;0;0;0;0;1;12;12;12
0;1;15;1;1;1;4;2;2;1;1;0;0;0;0;1;1;0;0;5;5;5;3;4;5;6;0;1;0;0;0;0;1;0;0;0;0;0;0;1;0;1;0;11;11;10
0;1;15;1;1;0;1;2;1;2;0;1;1;0;1;1;1;1;0;4;3;2;1;1;5;2;0;0;0;0;1;0;0;0;1;0;1;0;0;0;0;1;0;9;10;9
0;1;15;1;1;0;2;2;2;2;0;0;0;1;1;1;1;1;0;5;3;3;1;3;4;4;0;0;1;0;0;0;0;1;0;0;1;0;0;0;1;0;0;15;15;15
0;1;16;1;1;1;4;4;1;2;0;0;1;0;0;1;1;0;0;4;1;3;3;5;5;18;1;0;0;0;0;0;1;0;0;0;0;1;0;0;1;0;0;8;6;7
0;1;15;1;1;0;2;2;1;4;0;0;1;0;1;1;1;1;0;4;3;4;1;1;4;6;0;0;1;0;0;0;1;0;0;0;0;1;0;0;1;0;0;11;13;14
0;1;15;1;1;1;4;4;1;1;0;0;0;0;1;1;1;1;0;5;5;3;1;1;4;6;1;0;0;0;0;1;0;0;0;0;0;0;1;0;1;0;0;18;19;19
0;1;15;1;1;0;4;2;1;1;0;0;0;0;0;1;1;1;0;3;5;2;1;1;3;10;1;0;0;0;0;0;0;0;0;1;0;0;1;0;1;0;0;18;19;19
0;1;16;1;1;0;1;1;1;2;1;0;0;0;0;1;1;0;1;4;4;4;1;3;5;0;0;0;1;0;0;0;0;0;0;1;0;0;1;0;1;0;0;14;12;12
0;1;16;1;1;0;2;2;2;1;2;0;1;0;1;1;1;1;0;2;3;3;2;2;2;8;0;0;1;0;0;0;0;1;0;0;0;1;0;0;0;1;0;9;9;9
0;1;15;1;1;1;2;1;4;1;3;0;0;0;0;1;1;1;0;4;5;5;2;5;5;0;0;0;1;0;0;0;0;0;0;1;0;0;1;0;1;0;0;8;9;10
0;1;18;1;1;0;1;1;1;1;3;0;0;0;0;1;0;1;1;2;3;5;2;5;4;0;0;0;0;0;1;0;0;0;0;1;0;0;1;0;1;0;0;6;5;0
0;1;16;1;1;0;2;1;1;1;1;0;0;0;1;1;1;0;1;4;4;4;3;5;5;6;0;0;0;1;0;0;0;0;0;1;0;0;1;0;1;0;0;12;13;14
0;1;16;1;1;0;1;2;2;1;1;0;0;0;1;1;1;0;0;4;4;4;2;4;5;0;0;0;0;0;1;0;0;0;0;1;0;0;1;0;1;0;0;7;0;0
0;1;17;1;1;0;4;4;1;2;0;0;1;1;1;1;1;1;0;4;4;4;1;3;5;0;1;0;0;0;0;0;0;0;0;1;0;1;0;0;1;0;0;13;11;10
0;1;17;1;1;0;4;3;2;2;0;0;0;1;1;1;1;1;0;4;4;4;4;4;4;4;1;0;0;0;0;0;0;0;0;1;0;0;1;0;1;0;0;10;9;9
0;1;16;1;1;0;2;1;1;2;0;0;0;1;1;1;1;1;1;4;2;3;1;2;5;0;0;0;0;0;1;0;0;0;0;1;0;0;1;0;1;0;0;15;15;15
0;1;17;1;1;0;4;4;1;2;0;0;1;1;0;1;1;1;1;5;3;5;4;5;3;13;0;0;1;0;0;0;0;0;0;1;1;0;0;0;1;0;0;12;12;13
0;1;18;1;1;0;3;3;1;2;1;0;1;1;0;1;1;1;0;3;2;4;2;4;4;13;0;0;1;0;0;0;1;0;0;0;1;0;0;0;0;1;0;6;6;8
0;1;17;1;1;0;2;3;1;2;0;0;1;1;0;0;1;1;0;5;3;3;1;3;3;2;0;0;1;0;0;0;0;1;0;0;0;1;0;0;0;1;0;12;11;12
0;1;18;1;1;0;2;1;4;2;0;1;1;1;1;1;1;1;1;4;3;2;4;5;3;14;0;0;0;1;0;0;0;0;0;1;0;0;1;0;1;0;0;10;8;9
0;1;16;1;1;0;1;1;2;2;0;0;1;1;0;1;1;1;0;3;4;2;1;1;5;18;0;0;0;0;1;0;0;0;0;1;1;0;0;0;1;0;0;9;7;6
0;1;17;1;1;0;2;2;1;2;0;0;0;1;1;0;1;1;1;4;4;2;5;5;4;4;0;0;0;0;1;0;0;0;0;1;1;0;0;0;0;1;0;14;13;13
0;1;17;1;1;0;4;3;2;2;0;0;0;0;1;1;1;1;1;2;5;5;1;4;5;14;0;1;0;0;0;0;0;0;0;1;0;0;1;0;1;0;0;12;12;12
0;1;16;1;1;0;4;3;1;1;0;0;0;0;1;0;1;1;0;5;4;5;1;1;3;0;1;0;0;0;0;0;0;0;0;1;0;0;1;0;1;0;0;6;0;0
0;1;17;1;1;0;1;1;2;1;1;0;1;0;1;1;1;1;0;4;4;4;1;2;5;2;0;1;0;0;0;0;0;0;0;1;0;0;1;0;1;0;0;7;9;8
0;1;19;1;1;1;4;3;1;2;0;0;1;0;0;1;1;1;0;4;3;1;1;1;1;12;0;0;1;0;0;0;0;0;1;0;0;1;0;0;1;0;0;11;11;11
0;1;18;1;1;0;4;3;2;1;0;0;0;1;1;1;1;1;0;4;2;3;1;2;1;8;1;0;0;0;0;0;0;1;0;0;0;0;1;0;1;0;0;10;11;10
0;1;17;1;1;1;4;1;2;1;0;0;0;1;1;1;1;1;1;4;5;4;2;4;5;30;0;0;1;0;0;0;0;0;0;1;1;0;0;0;1;0;0;8;8;8
0;1;17;1;1;1;3;2;1;1;1;0;0;0;0;1;1;1;0;4;4;4;3;4;3;19;1;0;0;0;0;0;0;1;0;0;1;0;0;0;1;0;0;11;9;10
0;1;18;1;1;1;4;4;1;2;0;0;1;1;1;1;1;1;0;5;4;3;1;1;2;9;1;0;0;0;0;1;0;0;0;0;0;1;0;0;1;0;0;15;13;15
0;1;18;1;1;0;4;4;1;1;0;0;1;1;0;1;1;1;1;1;4;2;2;2;1;5;1;0;0;0;0;1;0;0;0;0;1;0;0;0;1;0;0;16;15;16
0;1;17;1;1;0;4;4;2;1;0;0;0;1;0;1;1;1;0;4;1;1;2;2;5;0;0;0;0;0;1;1;0;0;0;0;1;0;0;0;0;1;0;11;11;10
0;1;18;1;1;0;2;2;1;4;0;0;1;0;1;1;1;1;0;4;5;5;2;4;5;2;0;0;0;0;1;0;0;0;0;1;0;0;1;0;1;0;0;9;8;8
0;1;18;1;1;0;3;4;1;2;0;0;0;0;1;1;1;1;1;4;3;3;1;3;5;11;0;0;1;0;0;0;0;0;0;1;1;0;0;0;1;0;0;16;15;15
1;1;18;1;1;0;1;3;1;1;1;0;0;0;0;1;0;1;1;4;3;3;2;3;3;7;0;0;0;1;0;0;0;1;0;0;0;0;1;0;1;0;0;8;7;8
1;1;18;1;1;0;1;1;2;1;0;0;0;0;0;0;1;1;1;3;3;2;1;2;3;4;0;0;0;0;1;0;0;1;0;0;1;0;0;0;0;1;0;10;10;10
1;1;18;1;1;0;4;4;2;3;0;0;0;1;0;1;1;1;1;4;2;2;2;2;5;0;1;0;0;0;0;0;0;1;0;0;0;0;0;1;1;0;0;13;13;13
1;1;20;1;1;1;2;2;1;2;2;0;1;1;0;1;1;0;0;5;5;4;4;5;4;11;0;0;1;0;0;0;0;1;0;0;0;0;1;0;0;0;1;9;9;9
1;1;17;1;1;0;3;1;2;1;0;0;0;0;0;0;1;1;0;2;4;5;3;4;2;3;0;0;1;0;0;0;0;1;0;0;0;0;1;0;1;0;0;14;16;16
1;1;19;1;1;0;1;1;1;1;0;0;0;0;0;1;1;1;0;3;2;3;3;3;5;5;0;0;0;0;1;0;0;0;1;0;0;0;1;0;0;1;0;8;9;9